,Temp,Field,Moment_emu,Moment_emu_g,Field_True
0,300.0,-7.0000484375,-0.0067302076235935,-64.6824375165161,-6.764925
1,300.0,-6.500030859375,-0.006755105115905,-64.92172144070159,-6.28322
2,300.0,-6.000019921875,-0.0067739979067752,-65.10329559610958,-5.799313
3,300.0,-5.500042578125,-0.0067945608580147,-65.30092126876214,-5.316038
4,300.0,-5.00004296875,-0.0068056997314042,-65.40797435275542,-4.832623
5,300.0,-4.5000328125,-0.0068186832864453,-65.53275623686017,-4.349575
6,300.0,-4.00003515625,-0.0068284488382106,-65.6266106507506,-3.8666050000000003
7,300.0,-3.50003203125,-0.0068352203130529,-65.69168969776935,-3.3831629999999997
8,300.0,-3.0000234375,-0.0068386121521334,-65.72428786288707,-2.899338
9,300.0,-2.5000416015625,-0.0068329807916782,-65.67016618623931,-2.4161
10,300.0,-2.000033984375,-0.006814628696284,-65.49378852747718,-1.9329150000000002
11,300.0,-1.5000251953125,-0.0067695775068333,-65.06081217523595,-1.4495799999999999
12,300.0,-1.00004208984375,-0.006661478994991,-64.02190288314273,-0.9662440000000001
13,300.0,-0.95002646484375,-0.0066423357072933,-63.83792126182894,-0.91775
14,300.0,-0.90003291015625,-0.006621142258916,-63.63423602994714,-0.869359
15,300.0,-0.850041796875,-0.0066001313241092,-63.4323048929284,-0.820809
16,300.0,-0.80001650390625,-0.0065730209652627,-63.171753630588185,-0.7724270000000001
17,300.0,-0.750043701171875,-0.006541525300897,-62.86905623159059,-0.723916
18,300.0,-0.700018408203125,-0.0065079964323547,-62.546818186974534,-0.675545
19,300.0,-0.65005419921875,-0.0064697478161336,-62.1792197610149,-0.627235
20,300.0,-0.600033740234375,-0.0064185707343484,-61.68736890291591,-0.578851
21,300.0,-0.5500353515625,-0.0063680766049665,-61.20208173922634,-0.5304949999999999
22,300.0,-0.500034423828125,-0.0063004377427101,-60.55202059308121,-0.48213999999999996
23,300.0,-0.450039697265625,-0.0062201976171094,-59.78085167812975,-0.433838
24,300.0,-0.400029028320313,-0.0061165282420532,-58.78450977465834,-0.385323
25,300.0,-0.35002939453125,-0.0059861650995773,-57.53162037075733,-0.33692
26,300.0,-0.300021166992188,-0.0058121324993294,-55.85903411176742,-0.288381
27,300.0,-0.250022729492187,-0.0055764133568565,-53.59359305003844,-0.23994400000000002
28,300.0,-0.200047509765625,-0.0052442183120883,-50.40094485428448,-0.191347
29,300.0,-0.150024633789062,-0.0047633154435499,-45.7791008510322,-0.142725
30,300.0,-0.100034753417969,-0.0040473349315066,-38.89798108127439,-0.094154
31,300.0,-0.0800275634765625,-0.0036664729253158,-35.2376062019779,-0.074985
32,300.0,-0.0790180358886719,-0.0036425011455125,-35.00721908229217,-0.073589
33,300.0,-0.0780158386230469,-0.0036225221089234,-34.815205275573284,-0.07266900000000001
34,300.0,-0.0770478698730469,-0.0035997083588753,-34.59594770663431,-0.071564
35,300.0,-0.0760444519042969,-0.0035775503324482,-34.38299214270255,-0.07061100000000001
36,300.0,-0.0750471496582031,-0.0035559812641175,-34.175696916074,-0.069597
37,300.0,-0.0740425170898438,-0.00353848716142,-34.00756522268141,-0.068772
38,300.0,-0.0730427673339844,-0.0035117774931135,-33.75086490258049,-0.068618
39,300.0,-0.0720393493652344,-0.0034910071349853,-33.55124589125709,-0.066726
40,300.0,-0.0710408203125,-0.0034693819257084,-33.34341110724075,-0.065582
41,300.0,-0.070036181640625,-0.0034446120944963,-33.105354103760696,-0.06479700000000001
42,300.0,-0.0690339904785156,-0.0034221809958148,-32.88977410682172,-0.063777
43,300.0,-0.0680427978515625,-0.003399000733595,-32.666994075876985,-0.062852
44,300.0,-0.0670393859863281,-0.0033733175252879,-32.42015882064296,-0.061767999999999997
45,300.0,-0.0660384094238281,-0.0033517576830337,-32.21295226365882,-0.060778
46,300.0,-0.06503743896484379,-0.0033270242199102,-31.975244785297456,-0.059908
47,300.0,-0.0640364685058594,-0.0033045894798829,-31.759629792243153,-0.058971
48,300.0,-0.0630391662597656,-0.0032794914625038,-31.5184186689457,-0.057995000000000005
49,300.0,-0.062036975097656294,-0.0032531294927565,-31.265059997659783,-0.057076999999999996
50,300.0,-0.0610323364257812,-0.0032276470769893,-31.020154512150892,-0.056027
51,300.0,-0.0600338073730469,-0.0032011331607493,-30.76533551897453,-0.055171000000000005
52,300.0,-0.0590291687011719,-0.0031784815345954,-30.547636084530517,-0.05424299999999999
53,300.0,-0.0580294189453125,-0.0031518793696816,-30.29196895417203,-0.053216
54,300.0,-0.057030895996093706,-0.0031268398481608,-30.05132002076694,-0.052158
55,300.0,-0.056027484130859395,-0.0030983498355392,-29.77750923151562,-0.051229
56,300.0,-0.055027734375,-0.0030736078102378,-29.539719464082655,-0.050089
57,300.0,-0.0540304260253906,-0.0030456992087416,-29.27149647997694,-0.049324
58,300.0,-0.053027014160156205,-0.0030191816156544,-29.01664214948967,-0.048308
59,300.0,-0.0520248168945313,-0.0029888971455853,-28.725585253102356,-0.047211
60,300.0,-0.0510250732421875,-0.0029629180281779,-28.475906085323402,-0.04618
61,300.0,-0.0500204376220703,-0.0029338433004384,-28.19647573703412,-0.045351999999999996
62,300.0,-0.0490243530273438,-0.0029066753579343,-27.935371051747236,-0.04421
63,300.0,-0.0480148284912109,-0.0028761812523702,-27.64229939807977,-0.04328
64,300.0,-0.047030966186523394,-0.0028458030999096,-27.350342142331574,-0.042369
65,300.0,-0.0460397705078125,-0.0028176499147584,-27.079768522425756,-0.041507999999999996
66,300.0,-0.0450400268554687,-0.0027865942976591,-26.781300313878905,-0.040402
67,300.0,-0.0440402770996094,-0.0027563407005302,-26.490540130035562,-0.039564999999999996
68,300.0,-0.0430380828857422,-0.0027242768574177,-26.182382099160982,-0.038561
69,300.0,-0.0420383331298828,-0.002691619789513,-25.86852272477655,-0.037516
70,300.0,-0.0410361389160156,-0.0026593022443768,-25.55792642361173,-0.036472000000000004
71,300.0,-0.0400327239990234,-0.0026252237801335,-25.230406344387315,-0.035547
72,300.0,-0.039032977294921896,-0.0025923932011499,-24.91487939596252,-0.034649
73,300.0,-0.0380320037841797,-0.0025574211933293,-24.578771680243154,-0.033665
74,300.0,-0.0370347015380859,-0.0025239134381829,-24.256736551493514,-0.032596
75,300.0,-0.0360312866210937,-0.0024843968981824,-23.876952409249398,-0.031642
76,300.0,-0.035029092407226604,-0.0024519049691788,-23.56468014587987,-0.03084
77,300.0,-0.0340330108642578,-0.0024154688084484,-23.214500802002885,-0.02973
78,300.0,-0.0330295959472656,-0.0023783403860685,-22.85766829474772,-0.028868
79,300.0,-0.032027401733398395,-0.0023418482136218,-22.50695063548102,-0.027833999999999998
80,300.0,-0.0310288757324219,-0.0023004533376633,-22.109114249527153,-0.026548000000000002
81,300.0,-0.030023016357421897,-0.002260388599409,-21.72406150321,-0.025764999999999996
82,300.0,-0.029020822143554698,-0.0022176146132385,-21.31297081440173,-0.024832
83,300.0,-0.0280259643554687,-0.0021760311933744,-20.913322377456993,-0.023949
84,300.0,-0.027021325683593802,-0.0021315547630584,-20.485869899648247,-0.022893
85,300.0,-0.026021575927734398,-0.0020834100598524,-20.023162516601634,-0.021838999999999997
86,300.0,-0.0250181610107422,-0.0020406321420003,-19.61203404132917,-0.020949000000000002
87,300.0,-0.0240159698486328,-0.0019912759942546,-19.137683750644882,-0.019971
88,300.0,-0.0230198852539062,-0.0019396987862178,-18.641987373549256,-0.01904
89,300.0,-0.0220213592529297,-0.0018868265469772,-18.13384475710908,-0.017943
90,300.0,-0.021020388793945303,-0.0018307826072029,-17.595219675184048,-0.017117
91,300.0,-0.0200194183349609,-0.0017734700173177,-17.04440189637386,-0.016066
92,300.0,-0.019016001892089802,-0.0017133770899099,-16.466862949638635,-0.015085
93,300.0,-0.018023587036132802,-0.0016489185194541,-15.847366837617493,-0.014009
94,300.0,-0.0170140609741211,-0.0015819834657761,-15.204069829659778,-0.012991999999999998
95,300.0,-0.0160167572021484,-0.0015093307185248,-14.505821417826045,-0.012153
96,300.0,-0.015014562988281301,-0.0014320961625612,-13.763538323509852,-0.011177
97,300.0,-0.014016036987304699,-0.0013487629338357,-12.962642324225854,-0.010175
98,300.0,-0.0130126220703125,-0.0012581808712099,-12.092079492646805,-0.009132
99,300.0,-0.0120153175354004,-0.0011644019080377,-11.190792004206632,-0.008226
100,300.0,-0.011009458160400401,-0.0010601319173813,-10.188677725913504,-0.007226000000000001
101,300.0,-0.010013375091552701,-0.0009457991931659,-9.089852889629025,-0.0061719999999999995
102,300.0,-0.00900751571655273,-0.0008228085030897,-7.907818386253724,-0.0053479999999999995
103,300.0,-0.00800898895263672,-0.000690863967844,-6.639730589562711,-0.004286
104,300.0,-0.00700801849365234,-0.0005479136610258,-5.265868919037001,-0.003254
105,300.0,-0.0060094921112060495,-0.0003991259604427,-3.835905434336377,-0.002128
106,300.0,-0.00500607643127441,-0.0002527169088587,-2.42880258393753,-0.001341
107,300.0,-0.004009994506835941,-7.11175682656473e-05,-0.6834941688192917,-0.00040300000000000004
108,300.0,-0.00300535697937012,8.88650290598506e-05,0.8540608271009189,0.000553
109,300.0,-0.0020043861389160197,0.0002549796569606,2.4505493220624697,0.00155
110,300.0,-0.000997304344177246,0.0004104697829276,3.9449282357289763,0.0026079999999999996
111,300.0,-1.58884257078171e-05,0.0005581825873454,5.364561147000481,0.0033590000000000004
112,300.0,0.000997304344177246,0.0006997081296573,6.724729742021144,0.004691
113,300.0,0.00199705295562744,0.000833639724701,8.011914701595387,0.005487
114,300.0,0.0030029125213623,0.0009554936153888,9.183023694270062,0.0065
115,300.0,0.00400388374328613,0.0010688255829344,10.272230494323884,0.007448000000000001
116,300.0,0.00500485458374023,0.0011625844212287,11.17332456731091,0.008473
117,300.0,0.00600460319519043,0.0012676633369694,12.183213233728015,0.00946
118,300.0,0.0070043518066406196,0.0013557776019871,13.03005864475829,0.010478
119,300.0,0.00800776748657227,0.0014386413425722,13.826442504297935,0.01139
120,300.0,0.00901851501464844,0.0015166222956666,14.57589904533013,0.012422
121,300.0,0.0100194862365723,0.0015895118796246,15.276423638871696,0.01344
122,300.0,0.0110265678405762,0.0016576138890621,15.930935983297454,0.014663999999999998
123,300.0,0.012025094604492201,0.0017194148426241,16.52489036640173,0.015394999999999999
124,300.0,0.013022398376464801,0.0017833530181034,17.139385085087937,0.016408000000000002
125,300.0,0.0140233703613281,0.0018373285757968,17.65813143485632,0.017289
126,300.0,0.0150280075073242,0.0018941257214059,18.20399540034503,0.018080000000000002
127,300.0,0.0160289779663086,0.0019450384605912,18.693305724086496,0.019413
128,300.0,0.0170287261962891,0.0019971274490101,19.193920701682845,0.0202
129,300.0,0.0180309204101562,0.0020459628332298,19.663266056989908,0.021393000000000002
130,300.0,0.0190257797241211,0.0020928580240908,20.11396467170399,0.0221
131,300.0,0.0200304168701172,0.002142089447323,20.58711626451706,0.023119
132,300.0,0.021015499877929698,0.0021831030503539,20.98128832632292,0.024149
133,300.0,0.022018916320800802,0.0022241062527657,21.37536043023258,0.025121
134,300.0,0.0230149978637695,0.002269798717591,21.81449992879385,0.02609
135,300.0,0.0240220794677734,0.0023039528832072,22.142747556051898,0.027223
136,300.0,0.025019381713867198,0.0023454383920446,22.54145499322057,0.028074
137,300.0,0.0260240203857422,0.0023852891180404,22.924450918216245,0.029093
138,300.0,0.027021325683593802,0.0024248090966046,23.30426810768477,0.029986000000000002
139,300.0,0.0280271850585938,0.0024605966330872,23.64821367695531,0.031051
140,300.0,0.0290269317626953,0.0024969481749561,23.997579768919753,0.03135
141,300.0,0.0300315734863281,0.0025339124959181,24.35283513616627,0.032962
142,300.0,0.0310190979003906,0.0025655751765129,24.657137688735222,0.033962
143,300.0,0.0320237365722656,0.0025995029589072,24.98320960026141,0.035022000000000005
144,300.0,0.0330088165283203,0.0026345316387919,25.319861977817396,0.035986000000000004
145,300.0,0.0340110107421875,0.0026679496762637,25.64103485116483,0.036947
146,300.0,0.0350144256591797,0.0026997585664095,25.94674258923114,0.037933999999999996
147,300.0,0.0360129516601562,0.002731925020364,26.255886788697744,0.038877999999999996
148,300.0,0.037015145874023395,0.0027620477314608,26.545389057768382,0.039695
149,300.0,0.038016116333007804,0.0027924693865235,26.837764406761174,0.040795
150,300.0,0.0390109771728516,0.0028233232117002,27.13429324075156,0.041805
151,300.0,0.040016836547851604,0.002854309937423,27.4320993505334,0.042739
152,300.0,0.041014138793945304,0.0028830290592926,27.708112054710238,0.043613
153,300.0,0.0420151123046875,0.0029101282180895,27.96855567601634,0.044714
154,300.0,0.043014862060546895,0.0029359229436523,28.21646269728304,0.04551
155,300.0,0.0440133850097656,0.0029688716513119,28.533124952541087,0.046556
156,300.0,0.0450082458496094,0.0029966796159863,28.800380739897168,0.047514999999999995
157,300.0,0.0460092193603516,0.0030243478847475,29.066293942791926,0.048692
158,300.0,0.0470138549804687,0.0030527422579453,29.33918556410668,0.049645
159,300.0,0.0480172698974609,0.0030780735926173,29.58263904485632,0.050589
160,300.0,0.0490145721435547,0.0031034372927778,29.826403582679482,0.051466
161,300.0,0.050016766357421895,0.0031319124036738,30.100071154962038,0.052434
162,300.0,0.0510140716552734,0.0031570052787326,30.34123285663239,0.053591999999999994
163,300.0,0.0520162658691406,0.0031816215428324,30.57781396282941,0.054362
164,300.0,0.053017236328125,0.0032091278867325,30.842170944089382,0.055575
165,300.0,0.0540194274902344,0.0032348137497322,31.089031712947623,0.056449
166,300.0,0.0550252868652344,0.003259869607057,31.329837645910622,0.057434000000000006
167,300.0,0.056027484130859395,0.0032862730374397,31.58359478558097,0.058437
168,300.0,0.0570260070800781,0.0033095075504897,31.806896208454592,0.059313
169,300.0,0.0580281982421875,0.0033374611106562,32.07555127973282,0.060358
170,300.0,0.0590291687011719,0.0033632131774107,32.32304831725805,0.06138099999999999
171,300.0,0.060031365966796896,0.003384374324987,32.52642311376261,0.06224299999999999
172,300.0,0.0610274475097656,0.0034051255425622,32.72585816974724,0.063414
173,300.0,0.0620308654785156,0.0034315301245682,32.9796263773974,0.063983
174,300.0,0.06303305053710939,0.0034564828135496,33.21944078375397,0.065197
175,300.0,0.0640413635253906,0.0034804801870137,33.45007387807497,0.066197
176,300.0,0.0650398864746094,0.0035005443456861,33.64290577305238,0.067285
177,300.0,0.0660249633789063,0.0034691159849116,33.34085521298991,0.068004
178,300.0,0.0670222717285156,0.003536906599018,33.9923748103604,0.069074
179,300.0,0.068024462890625,0.00356463802338,34.258894986833255,0.069982
180,300.0,0.06902421875,0.0035820393212945,34.426134755353196,0.071142
181,300.0,0.0700264099121094,0.00360934397259,34.68855331657857,0.071885
182,300.0,0.0710273742675781,0.0036312122241444,34.898723922579535,0.073121
183,300.0,0.0720173522949219,0.0036494292226704,35.073803197216726,0.07381900000000001
184,300.0,0.0730244323730469,0.0036682781170685,35.25495547398847,0.07491
185,300.0,0.0740290710449219,0.0036950310932961,35.51207201630082,0.076021
186,300.0,0.07502392578125,0.0037101142773296,35.657032939256126,0.077059
187,300.0,0.0760297912597656,0.0037352878440946,35.89897014987602,0.078113
188,300.0,0.0770319763183594,0.0037477306806411,36.0185553161086,0.078958
189,300.0,0.0780329528808594,0.0037689165031,36.22216725708794,0.080139
190,300.0,0.0790388122558594,0.0037850181078109,36.37691598088323,0.081048
191,300.0,0.0800361145019531,0.003815483587552,36.669712518519944,0.082083
192,300.0,0.100033532714844,0.0041712313278752,40.08872011412975,0.100766
193,300.0,0.1500478515625,0.0048421581527379,46.53683952655358,0.14916400000000002
194,300.0,0.200053625488281,0.0052954426516342,50.89324989557136,0.197745
195,300.0,0.250020288085938,0.0056093627567714,53.91026195839885,0.24601199999999998
196,300.0,0.300030932617188,0.0058345264202175,56.074256801705914,0.294141
197,300.0,0.350035473632812,0.006001113105207,57.67528212596829,0.342116
198,300.0,0.400037573242188,0.0061271608738905,58.88669749053821,0.390281
199,300.0,0.45002255859375,0.0062263674057931,59.84014806144258,0.438467
200,300.0,0.500025927734375,0.006305824260754,60.603789147083134,0.486674
201,300.0,0.55004267578125,0.0063713611451333,61.233648679801064,0.534953
202,300.0,0.600042333984375,0.0064255957634694,61.75488480028256,0.5831569999999999
203,300.0,0.650032177734375,0.0064711305634591,62.192509019308986,0.6313529999999999
204,300.0,0.700040380859375,0.0065101122566124,62.56715287469871,0.679583
205,300.0,0.7500388671875,0.0065440600374208,62.8934169862643,0.7278399999999999
206,300.0,0.800012841796875,0.0065728466593666,63.170078417747234,0.776065
207,300.0,0.8500443359375,0.0065983041654148,63.414744501824124,0.824367
208,300.0,0.900028125,0.0066221392804795,63.64381816895243,0.872591
209,300.0,0.9500337890625,0.0066416139986585,63.83098509042288,0.9211290000000001
210,300.0,1.00003955078125,0.0066588897431128,63.997018194260455,0.9694790000000001
211,300.0,1.50004951171875,0.0067654038679315,65.02070031649687,1.452107
212,300.0,2.000027734375,0.0068102644492141,65.45184477860741,1.9351650000000002
213,300.0,2.500037890625,0.0068285955790977,65.62802094279385,2.418304
214,300.0,3.0000125,0.0068343280562311,65.6831144279779,2.901496
215,300.0,3.50002265625,0.0068326792199851,65.66726785185104,3.384872
216,300.0,4.000036328125,0.0068254952492649,65.59822440427584,3.8680510000000004
217,300.0,4.500042578125,0.0068137337549342,65.48518745732052,4.350998000000001
218,300.0,5.000040234375,0.0067989640820187,65.34323961574917,4.833914
219,300.0,5.500020703125,0.0067844902720054,65.2041352427237,5.316692
220,300.0,6.00002109375,0.0067674882993112,65.04073329467757,5.799654
221,300.0,6.500027734375,0.006749262624539,64.86557063468526,6.28304
222,300.0,7.0000359375,0.0067296849130676,64.67741386898223,6.766233000000001
223,300.0,6.500047265625,0.0067557129479539,64.92756317110909,6.282483999999999
224,300.0,6.000045703125,0.0067722495655909,65.08649270149832,5.799607
225,300.0,5.500034765625,0.0067900888789892,65.25794213348583,5.316139
226,300.0,5.0000171875,0.0068060655407625,65.41149006018742,4.832643
227,300.0,4.50005078125,0.0068189041528424,65.53487893169054,4.349002
228,300.0,4.000030078125,0.0068293694934655,65.63545885118214,3.8656099999999998
229,300.0,3.500030859375,0.0068372331669867,65.71103476200577,3.38256
230,300.0,3.0000150390625,0.0068391478253468,65.72943609175205,2.899679
231,300.0,2.5000439453125,0.0068338573292158,65.67859038169918,2.416794
232,300.0,2.000038671875,0.0068148862153889,65.49626348283422,1.9333650000000002
233,300.0,1.5000142578125,0.0067708091730659,65.0726494287929,1.449894
234,300.0,1.00002978515625,0.0066630787074569,64.03727734220952,0.9663959999999999
235,300.0,0.9500240234375,0.0066432473279787,63.846682633144646,0.917761
236,300.0,0.900028125,0.0066219477789983,63.64197769340029,0.869346
237,300.0,0.8500455078125,0.0065997425995017,63.42856895244306,0.8210719999999999
238,300.0,0.80005068359375,0.0065736978596191,63.178259102538206,0.77267
239,300.0,0.750032763671875,0.0065438320500046,62.89122585299952,0.724228
240,300.0,0.700040380859375,0.0065107763976409,62.57353577742335,0.675683
241,300.0,0.650023681640625,0.0064714008625694,62.19510680028256,0.627268
242,300.0,0.600023974609375,0.0064243240626688,61.7426627839385,0.5789350000000001
243,300.0,0.550025537109375,0.0063690756056979,61.211682899547334,0.530541
244,300.0,0.500039306640625,0.0063015860293845,60.563056505377226,0.482271
245,300.0,0.450044580078125,0.0062196417111517,59.77550899713311,0.433842
246,300.0,0.40004248046875,0.0061166796201884,58.78596463419894,0.385133
247,300.0,0.350041577148438,0.0059855601256725,57.52580610929842,0.33702600000000005
248,300.0,0.300024829101562,0.0058138069500675,55.87512686273426,0.288562
249,300.0,0.250031274414062,0.0055838077712389,53.66465902199808,0.240116
250,300.0,0.200045068359375,0.0052463679759217,50.421604766186455,0.191528
251,300.0,0.150041748046875,0.004765189514431,45.79711210409419,0.142868
252,300.0,0.100023754882813,0.0040501454042616,38.924991871807784,0.094462
253,300.0,0.0800214477539063,0.0036690865512871,35.26272514451802,0.074831
254,300.0,0.07900458984375,0.0036464207209125,35.04488919666026,0.07374700000000001
255,300.0,0.0780036193847656,0.0036258228556362,34.84692797343777,0.07272200000000001
256,300.0,0.0770002075195313,0.003600713549582,34.60560835734743,0.071672
257,300.0,0.0759931213378906,0.0035790815376043,34.39770819417876,0.0706
258,300.0,0.0749958190917969,0.0035591374214753,34.20602999976261,0.069601
259,300.0,0.0739960693359375,0.0035362941195714,33.98648841491014,0.068712
260,300.0,0.0729963256835938,0.0035151645683245,33.78341728327247,0.06764400000000001
261,300.0,0.0719990173339844,0.0034943377976235,33.583256104022105,0.066814
262,300.0,0.070998046875,0.0034686995687853,33.33685313585104,0.0658
263,300.0,0.069995849609375,0.0034458024094106,33.116793939554064,0.06494
264,300.0,0.0689936584472656,0.0034250766218287,32.91760328523498,0.063756
265,300.0,0.0679939086914062,0.0033995967984919,32.672722714963,0.062921
266,300.0,0.0669953857421875,0.0033755735230307,32.441840682659304,0.061925
267,300.0,0.0659919677734375,0.0033543383602789,32.237754543766464,0.060983
268,300.0,0.0650105529785156,0.0033284288674913,31.988744521780877,0.060078999999999994
269,300.0,0.06400714111328129,0.0033053706517212,31.76713745046805,0.058991999999999996
270,300.0,0.0630037231445313,0.0032811803932207,31.534650583572322,0.058138
271,300.0,0.0620076416015625,0.0032540995168674,31.27438267051802,0.057107000000000005
272,300.0,0.0610078918457031,0.003230618335966,31.04871058112446,0.055969000000000005
273,300.0,0.060002032470703105,0.0031930086693889,30.68725294943681,0.055116
274,300.0,0.0590059509277344,0.003180406759374,30.56613896563191,0.054099
275,300.0,0.0580196472167969,0.0031567982854857,30.3392434933753,0.053233
276,300.0,0.0570223388671875,0.0031303360664345,30.084921349682844,0.052249000000000004
277,300.0,0.0560177001953125,0.0031020034036356,29.812622812451707,0.051266
278,300.0,0.055015509033203104,0.0030760828052071,29.563506056771747,0.05033
279,300.0,0.0540157592773438,0.0030482146599184,29.2956718877309,0.049406
280,300.0,0.053014794921875,0.0030217069232609,29.04091228506391,0.048429
281,300.0,0.052013818359375,0.0029928553745489,28.763626857750122,0.047247000000000004
282,300.0,0.0510189605712891,0.0029662528405963,28.507956180646804,0.046564
283,300.0,0.0500106567382812,0.0029371509107477,28.228264399305143,0.045245999999999995
284,300.0,0.0490121276855469,0.0029055156735603,27.924225598849592,0.044326
285,300.0,0.0480148284912109,0.0028794200932865,27.673427133940418,0.043468
286,300.0,0.0470126342773438,0.0028494645351149,27.3855313321951,0.042548
287,300.0,0.0460006591796875,0.0028189567382517,27.092328094682365,0.041388999999999995
288,300.0,0.045004580688476604,0.0027885016926824,26.79963183740894,0.040543
289,300.0,0.0439987213134766,0.0027594970942843,26.520875485673237,0.039478
290,300.0,0.0430063018798828,0.0027260266687317,26.199199122841904,0.038584
291,300.0,0.0420041107177734,0.0026949215248714,25.900254924280638,0.037683999999999995
292,300.0,0.0410068084716797,0.0026630662149963,25.594101057148485,0.036528
293,300.0,0.0400046142578125,0.0026283542771921,25.260492812994713,0.035577
294,300.0,0.0390060882568359,0.0025959133862915,24.948711064790967,0.034756999999999996
295,300.0,0.0380051177978516,0.0025655738797716,24.65712522606055,0.033787
296,300.0,0.0370102569580078,0.002528508616051,24.300899721777995,0.032719
297,300.0,0.036003173828125,0.0024913185003041,23.943474294128784,0.031723
298,300.0,0.0350009796142578,0.0024576210833634,23.619616370623742,0.0307
299,300.0,0.034004898071289105,0.0024199584846395,23.257650020562227,0.029799000000000003
300,300.0,0.0330039306640625,0.0023847492296849,22.91926217861509,0.028897000000000003
301,300.0,0.031996847534179695,0.0023416820748569,22.505353915011053,0.027806
302,300.0,0.0309946563720703,0.0023022444065313,22.126327789825087,0.026822000000000002
303,300.0,0.0299912384033203,0.0022648076613661,21.76653206502739,0.025856
304,300.0,0.0289939331054687,0.0022236699279004,21.37116701490053,0.025054
305,300.0,0.027994186401367197,0.0021770127135582,20.922755536359443,0.023952
306,300.0,0.0269822143554687,0.0021360153255573,20.52873931338107,0.022974
307,300.0,0.025993466186523397,0.0020886765683267,20.073777686945704,0.021996
308,300.0,0.0249912734985352,0.002041711847253,19.622410833762615,0.020968999999999998
309,300.0,0.023990301513671902,0.0019935920874961,19.159943176320038,0.020040000000000002
310,300.0,0.0229893310546875,0.0019460625189696,18.70314770754061,0.019030000000000002
311,300.0,0.021985914611816402,0.0018908587858534,18.172597653564633,0.018068999999999998
312,300.0,0.0209886108398438,0.00183528229393,17.63846510264296,0.017011000000000002
313,300.0,0.0200035293579102,0.0017774984945003,17.08311864007977,0.016077
314,300.0,0.0189988922119141,0.0017182611363184,16.513802367308024,0.015262999999999999
315,300.0,0.0180015869140625,0.0016558472661169,15.913957386995676,0.014115
316,300.0,0.0169981719970703,0.0015863512688761,15.24604775469582,0.013297999999999999
317,300.0,0.0160020904541016,0.0015157733422228,14.56773995408746,0.0122
318,300.0,0.014995007324218698,0.0014357034023622,13.798206654129746,0.011169
319,300.0,0.0139952590942383,0.0013530149634311,13.003507577425276,0.010311
320,300.0,0.0129955108642578,0.0012670643769773,12.177456770565115,0.009281999999999999
321,300.0,0.0119969841003418,0.0011693676554341,11.23851663079385,0.0083
322,300.0,0.0109972351074219,0.0010681515890536,10.2657528981605,0.0073560000000000006
323,300.0,0.009997486877441411,0.0009526334186852,9.155535018598751,0.006351
324,300.0,0.0089904052734375,0.0008308442635579,7.985048184122057,0.005242
325,300.0,0.00799065628051758,0.0006995235817993,6.722956096100913,0.004337
326,300.0,0.00698724136352539,0.0005580258688506,5.363054962523788,0.003363
327,300.0,0.0059862705230712895,0.0004105612664623,3.945807462395964,0.002539
328,300.0,0.00498896598815918,0.0002615805919849,2.513989351128304,0.001407
329,300.0,0.00400755004882812,8.65860177866308e-05,0.8321577874736261,0.000421
330,300.0,0.0030029125213623,-8.10771167949444e-05,-0.7792130398360827,-0.000544
331,300.0,0.00200194187164307,-0.000238888043564,-2.295896622431523,-0.0016059999999999998
332,300.0,0.0010021930694580098,-0.0004029878793773,-3.8730214260192217,-0.0024219999999999997
333,300.0,1.2221866287291e-06,-0.0005535264298441,-5.319811915849112,-0.0035229999999999997
334,300.0,-0.000999748706817627,-0.0006900427578521,-6.631838134090341,-0.0044020000000000005
335,300.0,-0.00200071964263916,-0.0008214456728325,-7.894720546203748,-0.005536
336,300.0,-0.0030029125213623,-0.0009450318795756,-9.082478419755887,-0.006392
337,300.0,-0.00400755004882812,-0.0010649313501383,-10.234803941742431,-0.0074069999999999995
338,300.0,-0.00500729866027832,-0.0011703273275084,-11.247739812670833,-0.008343999999999999
339,300.0,-0.0060094921112060495,-0.0012513732996093,-12.026653528200864,-0.009347
340,300.0,-0.007011685180664059,-0.0013484634152505,-12.959763721773188,-0.010329000000000001
341,300.0,-0.008010211944580079,-0.0014321217327454,-13.763784072517058,-0.011367
342,300.0,-0.009008737945556641,-0.0015122258386069,-14.53364573384815,-0.012237999999999999
343,300.0,-0.0100097091674805,-0.0015863626353446,-15.246156995142721,-0.013312000000000001
344,300.0,-0.0110119018554688,-0.0016522539968692,-15.879423324067277,-0.014255
345,300.0,-0.0120104286193848,-0.0017165143854277,-16.49701475663335,-0.015158000000000001
346,300.0,-0.0130003997802734,-0.0017776178036552,-17.084265292217204,-0.016259
347,300.0,-0.014007481384277301,-0.0018342545623998,-17.628587817393562,-0.017163
348,300.0,-0.0150108978271484,-0.0018899113205671,-18.163491788246997,-0.018207
349,300.0,-0.0160118682861328,-0.0019428364143934,-18.6721423776396,-0.019097
350,300.0,-0.0170128387451172,-0.0019962276154672,-19.18527261381259,-0.019944999999999997
351,300.0,-0.018012586975097698,-0.0020428755110374,-19.633594531834696,-0.021192
352,300.0,-0.0190147796630859,-0.0020889358891689,-20.076269958374823,-0.022241999999999998
353,300.0,-0.0200133071899414,-0.0021368804262215,-20.537053591749157,-0.023115
354,300.0,-0.0209996109008789,-0.0021783101038248,-20.93522444809995,-0.024061000000000003
355,300.0,-0.0219969146728516,-0.0022196980969558,-21.332994684822683,-0.025062
356,300.0,-0.0230015548706055,-0.0022626272114074,-21.745576274938973,-0.026063
357,300.0,-0.0239976364135742,-0.0023040605856481,-22.143782658799616,-0.027022000000000004
358,300.0,-0.0249961608886719,-0.0023678148873567,-22.756510210059588,-0.027874
359,300.0,-0.025993466186523397,-0.0023803817563544,-22.87728742291591,-0.029024
360,300.0,-0.026996881103515603,-0.0024211070949201,-23.26868904296108,-0.030014
361,300.0,-0.0280015167236328,-0.0024570390519539,-23.614022604074002,-0.030907
362,300.0,-0.0290000457763672,-0.0024954979325223,-23.983641831064872,-0.031749
363,300.0,-0.0300010162353516,-0.0025283862408944,-24.299723603021626,-0.032815
364,300.0,-0.0310044311523438,-0.0025626809607569,-24.6293220639779,-0.033944999999999996
365,300.0,-0.0320054016113281,-0.0025959707133854,-24.949262021964444,-0.034976
366,300.0,-0.0330039306640625,-0.0026332245881308,-25.307300222304665,-0.035703
367,300.0,-0.034006121826171895,-0.0026638732394366,-25.60185717863143,-0.036894
368,300.0,-0.0350058715820313,-0.0026972021499059,-25.922173473386835,-0.037771
369,300.0,-0.036003173828125,-0.0027287864169709,-26.225722412022108,-0.03868
370,300.0,-0.0370017028808594,-0.002756880172812,-26.495724870850555,-0.039602
371,300.0,-0.0380026702880859,-0.0027908498964387,-26.822199869665546,-0.040623
372,300.0,-0.039009756469726604,-0.0028192305192073,-27.09495933884959,-0.041568
373,300.0,-0.0400058380126953,-0.0028494301700668,-27.38520105782605,-0.042594
374,300.0,-0.0410055877685547,-0.0028794107042944,-27.67333689855262,-0.043788
375,300.0,-0.0420053314208984,-0.0029089059913848,-27.95680914353484,-0.044545999999999995
376,300.0,-0.0430111968994141,-0.0029371533664136,-28.228288000130707,-0.04565
377,300.0,-0.044007275390625,-0.0029684186981945,-28.528771727001445,-0.046624
378,300.0,-0.0450119110107422,-0.0029972424732943,-28.805790228681403,-0.047314
379,300.0,-0.0460092193603516,-0.0030241887736468,-29.06476476354445,-0.04866
380,300.0,-0.0470028533935547,-0.0030489663060027,-29.302895780900528,-0.049477999999999994
381,300.0,-0.0480111572265625,-0.0030742907670231,-29.54628320060644,-0.050335000000000005
382,300.0,-0.049009683227539104,-0.0030995283257327,-29.788835422707354,-0.05134
383,300.0,-0.0500094329833984,-0.0031307796588214,-30.089184611450264,-0.05235
384,300.0,-0.0510091827392578,-0.0031576911476829,-30.347824581286883,-0.053263
385,300.0,-0.052011376953125,-0.0031836249563024,-30.597068296995676,-0.054692
386,300.0,-0.0530062377929687,-0.0032066543091324,-30.81839797340125,-0.055183
387,300.0,-0.0540096496582031,-0.0032356462545608,-31.097032720430562,-0.056405
388,300.0,-0.0550093994140625,-0.003258704672158,-31.318641731456033,-0.057257
389,300.0,-0.0560140380859375,-0.0032874703238982,-31.59510162324075,-0.05828099999999999
390,300.0,-0.0570150085449219,-0.0033095923887984,-31.80771156942239,-0.059182000000000005
391,300.0,-0.058006201171875,-0.0033296577377162,-32.00055490356752,-0.060167
392,300.0,-0.0590071716308594,-0.003354952187719,-32.2436538944642,-0.061350999999999996
393,300.0,-0.0600118103027344,-0.0033791086236005,-32.475815700148964,-0.062252999999999996
394,300.0,-0.06101033935546871,-0.0034025653639007,-32.70125289669102,-0.063181
395,300.0,-0.0620149780273437,-0.0034253302412423,-32.92004076157905,-0.064198
396,300.0,-0.0630135009765625,-0.0034465795771578,-33.12426311540413,-0.065256
397,300.0,-0.06401569213867189,-0.0034740510271321,-33.38828473937627,-0.06623
398,300.0,-0.0650166625976563,-0.0034964668143413,-33.60371758136761,-0.067231
399,300.0,-0.06601885986328129,-0.0035194381967337,-33.8244901175752,-0.068012
400,300.0,-0.0670186096191406,-0.0035403087052604,-34.02507165074868,-0.068899
401,300.0,-0.0680171325683594,-0.0035645213548346,-34.25777371297069,-0.070575
402,300.0,-0.0690132141113281,-0.0035823325419394,-34.428952829787605,-0.071025
403,300.0,-0.0700154052734375,-0.0036098761233653,-34.693667692122055,-0.072064
404,300.0,-0.0710139343261719,-0.0036301307265791,-34.88832990465257,-0.073041
405,300.0,-0.072002685546875,-0.0036523484490775,-35.10185919344066,-0.07375599999999999
406,300.0,-0.07299998779296879,-0.0036704660584399,-35.27598326227679,-0.074656
407,300.0,-0.07400340576171871,-0.0036915994226798,-35.47909103969053,-0.076248
408,300.0,-0.0750055969238281,-0.0037170626736257,-35.723812336623745,-0.076899
409,300.0,-0.0760041198730469,-0.0037337875029159,-35.88455072480442,-0.07770099999999999
410,300.0,-0.0770087585449219,-0.0037540913306925,-36.079686022993755,-0.07899500000000001
411,300.0,-0.0780060668945313,-0.0037682792092408,-36.21604237617299,-0.07977999999999999
412,300.0,-0.0790094787597656,-0.0037856466609517,-36.38295685681596,-0.080272
413,300.0,-0.08000556640625,-0.0038107364324346,-36.62408873075061,-0.081191
414,300.0,-0.100032312011719,-0.0041591615197393,-39.972720035937535,-0.10113
415,300.0,-0.149984301757813,-0.0048416224532833,-46.53169104549063,-0.149307
416,300.0,-0.200043859863281,-0.005294104604202,-50.880390237405095,-0.197536
417,300.0,-0.25004228515625,-0.0056100708062236,-53.91706685462374,-0.245844
418,300.0,-0.300027270507812,-0.0058346158677419,-56.07511646075829,-0.29368099999999997
419,300.0,-0.350036694335937,-0.0060012332588818,-57.67643689458722,-0.341963
420,300.0,-0.400037573242188,-0.0061279714063684,-58.89448732694282,-0.39012199999999997
421,300.0,-0.450016455078125,-0.0062271802127607,-59.84795975743105,-0.43834300000000004
422,300.0,-0.5000283203125,-0.0063063509426603,-60.60885096261701,-0.48658199999999996
423,300.0,-0.550020654296875,-0.006371314068716,-61.233196239461805,-0.5347810000000001
424,300.0,-0.600033740234375,-0.0064252065298665,-61.75114396796252,-0.5830270000000001
425,300.0,-0.65003095703125,-0.006471572537332,-62.19675672592024,-0.631245
426,300.0,-0.70003310546875,-0.0065113723049811,-62.5792629022691,-0.679566
427,300.0,-0.750040087890625,-0.0065450341341357,-62.902778799958675,-0.727866
428,300.0,-0.800033642578125,-0.0065743402713239,-63.18443316985968,-0.776219
429,300.0,-0.85004677734375,-0.0065993876907932,-63.42515800858434,-0.8245950000000001
430,300.0,-0.900021875,-0.0066216297890248,-63.63892156679289,-0.872919
431,300.0,-0.95002041015625,-0.006642258983656,-63.83718388905334,-0.92153
432,300.0,-1.000045703125,-0.0066589927505158,-63.99800817410669,-0.9697209999999999
433,300.0,-1.50004833984375,-0.0067646850449615,-65.01379187853436,-1.452515
434,300.0,-2.0000291015625,-0.0068095494831594,-65.44497340854782,-1.935352
435,300.0,-2.5000365234375,-0.0068319995095018,-65.66073531476982,-2.41863
436,300.0,-3.000044140625,-0.0068322374030968,-65.66302165398174,-2.9020770000000002
437,300.0,-3.50005078125,-0.0068337911935691,-65.67795476760307,-3.3857459999999997
438,300.0,-4.000017578125,-0.0068263782553211,-65.60671076714176,-3.868635
439,300.0,-4.50002265625,-0.0068153839974283,-65.50104754856608,-4.352024
440,300.0,-5.000036328125,-0.0067821359111863,-65.18150803638923,-4.8349839999999995
441,300.0,-5.5000453125,-0.0067853152240412,-65.21206366209707,-5.3171230000000005
442,300.0,-6.00002734375,-0.0067682436940377,-65.0479932151629,-5.8011669999999995
443,300.0,-6.500051953125,-0.0067489175850662,-64.86225454172225,-6.284162
444,300.0,-7.0000265625,-0.0067284167934478,-64.66522627052187,-6.7672490000000005
